INSERT INTO STATES (CODE, NAME) VALUES
('AL', 'Alabama'),
('AK', 'Alaska'),
('AZ', 'Arizona'),
('AR', 'Arkansas'),
('CA', 'California'),
('CO', 'Colorado'),
('CT', 'Connecticut'),
('DE', 'Delaware'),
('FL', 'Florida'),
('GA', 'Georgia'),
('HI', 'Hawaii'),
('ID', 'Idaho'),
('IL', 'Illinois'),
('IN', 'Indiana'),
('IA', 'Iowa'),
('KS', 'Kansas'),
('KY', 'Kentucky'),
('LA', 'Louisiana'),
('ME', 'Maine'),
('MD', 'Maryland'),
('MA', 'Massachusetts'),
('MI', 'Michigan'),
('MN', 'Minnesota'),
('MS', 'Mississippi'),
('MO', 'Missouri'),
('MT', 'Montana'),
('NE', 'Nebraska'),
('NV', 'Nevada'),
('NH', 'New Hampshire'),
('NJ', 'New Jersey'),
('NM', 'New Mexico'),
('NY', 'New York'),
('NC', 'North Carolina'),
('ND', 'North Dakota'),
('OH', 'Ohio'),
('OK', 'Oklahoma'),
('OR', 'Oregon'),
('PA', 'Pennsylvania'),
('RI', 'Rhode Island'),
('SC', 'South Carolina'),
('SD', 'South Dakota'),
('TN', 'Tennessee'),
('TX', 'Texas'),
('UT', 'Utah'),
('VT', 'Vermont'),
('VA', 'Virginia'),
('WA', 'Washington'),
('WV', 'West Virginia'),
('WI', 'Wisconsin'),
('WY', 'Wyoming')
ON CONFLICT(CODE) DO NOTHING;


INSERT INTO ICD10S (Code, Description) VALUES
('S02', 'Fracture of skull and facial bones'),
('S12', 'Fracture of neck'),
('S22', 'Fracture of rib(s), sternum and thoracic spine'),
('S32', 'Fracture of lumbar spine and pelvis'),
('S42', 'Fracture of shoulder and upper arm'),
('S52', 'Fracture of forearm'),
('S62', 'Fracture at wrist and hand level'),
('S72', 'Fracture of femur'),
('S82', 'Fracture of lower leg, including ankle'),
('S92', 'Fracture of foot, except ankle');

-- Insert data into PATIENTS
INSERT INTO PATIENTS (SSN, LastName, Position, StateCode) VALUES
(000000019, 'KOSAR', 'QB', 'OH'),
(000000044, 'BYNER', 'RB', 'OH'),
(000000034, 'MACK', 'RB', 'OH'),
(000000084, 'SLAUGHTER', 'WR', 'OH'),
(000000088, 'LANGHORNE', 'WR', 'OH'),
(000000092, 'NEWSOME', 'TE', 'OH'),
(000000087, 'TUCKER', 'TE', 'OH'),
(000000061, 'BABB', 'C', 'OH'),
(000000077, 'BOLDEN', 'OT', 'OH'),
(000000063, 'RISEN', 'OT', 'OH'),
(000000069, 'FIKE', 'RG', 'OH'),
(000000070, 'WILLIAMS', 'LG', 'OH'),
(000000096, 'CAMP', 'DE', 'OH'),
(000000079, 'GOLIC', 'DT', 'OH'),
(000000090, 'SIMS', 'DE', 'OH'),
(000000078, 'HAIRSTON', 'DE', 'OH'),
(000000056, 'GRAYSON', 'LB', 'OH'),
(000000057, 'MATTHEWS', 'LB', 'OH'),
(000000029, 'DIXON', 'DB', 'OH'),
(000000031, 'MINNIFIELD', 'CB', 'OH'),
(000000022, 'WRIGHT', 'FS', 'OH'),
(000000024, 'ELLIS', 'SS', 'OH'),
(000000009, 'BAHR', 'K', 'OH'),
(000000011, 'JOHNSON', 'P', 'OH');

-- Insert injuries for players
INSERT INTO INJURIES (PatientSSN, ICD10Code, InjuryDate, Description) VALUES
(000000019, 'S02', '1985-09-14', 'Minor fracture of skull during a game collision.'),
(000000044, 'S72', '1985-10-07', 'Fracture of femur during a tackle.'),
(000000034, 'S22', '1985-11-01', 'Rib fracture from a heavy fall.'),
(000000084, 'S52', '1985-09-21', 'Forearm fracture after a fall.'),
(000000088, 'S62', '1985-12-05', 'Wrist fracture during practice.'),
(000000092, 'S82', '1985-11-15', 'Ankle fracture during a game.'),
(000000087, 'S32', '1985-10-22', 'Fracture of the lumbar spine from an awkward tackle.'),
(000000061, 'S42', '1985-09-30', 'Shoulder fracture during a blocking incident.'),
(000000077, 'S92', '1985-11-20', 'Fracture of the foot during a sprint.'),
(000000063, 'S62', '1985-10-13', 'Hand fracture after hitting a helmet.'),
(000000069, 'S12', '1985-12-10', 'Neck fracture from a collision.'),
(000000070, 'S22', '1985-08-17', 'Sternum fracture during a preseason game.'),
(000000096, 'S32', '1985-09-05', 'Pelvic fracture during a training session.'),
(000000079, 'S72', '1985-11-29', 'Femur fracture from a sideline collision.'),
(000000090, 'S22', '1985-10-28', 'Thoracic spine fracture during a pileup.'),
(000000078, 'S52', '1985-11-08', 'Forearm fracture from defending a pass.'),
(000000056, 'S62', '1985-12-22', 'Wrist fracture during the final game of the season.'),
(000000057, 'S82', '1985-09-19', 'Lower leg fracture from a kickoff return.'),
(000000029, 'S42', '1985-11-03', 'Upper arm fracture from a diving tackle.'),
(000000031, 'S52', '1985-10-12', 'Forearm fracture during a scuffle.'),
(000000022, 'S72', '1985-11-25', 'Femur fracture during a blitz.'),
(000000024, 'S92', '1985-09-08', 'Toe fracture from a misstep.'),
(000000009, 'S42', '1985-10-05', 'Shoulder fracture from a field goal block.'),
(000000011, 'S22', '1985-11-18', 'Rib fracture during a punt.');
